{
  "intent": {
    "accuracy": 0.056140350877192984,
    "macro_f1": 0.03502515142849715
  },
  "obligation": {
    "precision": 0,
    "recall": 0.0,
    "f1": 0.0
  },
  "n_examples": 285
}